{"cameraMode":{"drawMode":0,"name":"Shaded","section":"Shading Mode"},"sceneLighting":true,"audioPlay":false,"sceneViewState":{"m_AlwaysRefresh":false,"showFog":true,"showSkybox":true,"showFlares":true,"showImageEffects":true,"showParticleSystems":true,"showVisualEffectGraphs":true,"m_FxEnabled":true},"in2DMode":false,"pivot":{"x":3.0799999237060549,"y":5.1579999923706059,"z":-5.449999809265137},"rotation":{"x":-0.29943400621414187,"y":-0.3132111430168152,"z":0.10477245599031449,"w":-0.8951389193534851},"size":0.16847997903823853,"orthographic":false}